0,1
U Shape Edge Trim Rubber Seal Protector Clips Fit Car Door Seal Strip Edge Guard Universal,₹309
Multifunctional Car Seat Headrest Hanger | Car Interior Accessories (Pack of 2),₹248
KPS Neck Pillow For Travel,₹363
Herbal Biotin Anti Hair Loss Boosting Hair Growth Serum 30ML (Pack of 2),₹258
7 in 1 Electronic Cleaner Kit with Brush,₹317
Sumifun Diabetic Patches (PACK OF 1),₹197
Creative School Bags Shape Cookie Candy Plastic Gift Snack Packaging Pouch,₹227
Adjustable Car Suction Cup Mobile Phone Holder,₹432
Hang In Neck Reading Glasses With Flexible Head Band,₹358
C Shape Opisthenar Press Type One Hand Operate Bathroom Dispenser Bottle Hand Washing,₹362
24 Pieces Precision Screwdriver Set,₹278
Ampule Cutter with 5 Replaceable Grinding Wheels,₹278
Food Processor Electric Multi- Functional Cooking Machine,₹588
Minoxidil Topical Solution for Men 60ml,₹208
Knife Set Premium Carbon Stainless Steel Chef Knife Set with Wooden Handle,₹534
Eczemaron Cream (Pack of 2),₹283
"Rabbit Standing Non-Stick Rice Spoon,Vertical Kitchen Serving Spoon (Pack of 3)",₹304
Plastic Storage Box Wall-Mounted,₹310
Organic Belly anti-cellulite Fat Burning Weight Loss slimming Moisturize Firm essential Oil 10ml,₹187
Pull Back Car Toy (Pack of 2),₹431
Double Sided Carpet Tape,₹247
Dashboard Polish And Leather Conditioner + Protectant Car Dashboard Polish (Pack of 2),₹247
Fast Push Pop Toys Stress Relief Toy with Music and Light,₹453
Natural Potty Training Spary for Dog & Cat (Pack of 2) 30ml each,₹226
Automaze 3-layer Car Mesh Organizer,₹333
Round Magic Mirror,₹381
Hair Wax Stick for Hair Styling Wax Stick Non-greasy Styling Wax,₹380
Shotgun Toy Gun for Kids with 10 Foam Bullets,₹574
Hair Removal Gel Spray 100ml For Man and Woman (Pack of 2),₹276
"Multifunctional Beerd Bottle Opener, Jar (Pack of 1)",₹203
"Squeezing Mop, Folding Sponge Absorbs More",₹591
Gold Scrub Instant Glow Facewash 100ML,₹257
Rich Bells Soft Case of Fire Blanket,₹464
"Make Up Brush Cleaner,Electric Brush Cleaner, USB Rechargeable Automatic Deep Cosmetic Cleaning Device",₹740
Portable Mesh Nebulizer for Kids & Adults,₹965
Foot Support for Pain Relief,₹280
Star Link Building Blocks Kids Educational Building Toys,₹322
Solo Tennis Trainer Set,₹417
Creative 3D Handmade Magic Gels Toys,₹431
Copper Compression Recovery Foot Sleeves for Men & Women (1 Pair),₹273
"Face Lifting Wrinkles Tape 40PCS,Instant Face Neck and Eye Lifting sticker With Lifting Ropes Elastic Waterproof,V-line Makeup Tool to Hide Facial...",₹316
Vitamin C Serum with Vitamin C and Gotu Kola for Skin Illumination - 30ml (Pack of 2),₹341
"Speed Up Car Cartoon Mini Watch Car Toy, Usb Rechargeable Remote Control Toy",₹588
Lens Scratch Removal Spray (100ml),₹237
Papaya Whitening Bath Soap For for Dark Spot & Acne Removal (Pack of 2),₹237
Spider Crawl Battery Operated For Kids,₹352
Rice Face Serum For Glowing Skin With Rice Water & Niacinamide For Glass Skin 30ml (Pack of 2),₹341
Scalp applicator Hair applicator deep Root Comb,₹322
Ram Lalla MDF Cutout of Ram Lalla Statue in Ayodhya Mandir (2D),₹282
Sunscreen Fairness Liquorice UV Lotion (120 ml),₹237
Harmless Electronic Mouse Bug Vibrating Prank Gag Toy,₹352
ShinyHair Growth Oil Enriched With Real Herbs 110ml (Pack of 2),₹234
Minoxi Roll-On Hair Treatment Hair Growth Serum For Women & Men,₹208
Root Cover Up Hairline Shadow Powder,₹418
Nabhi Therapy Oil,₹166
"Stoner Car tire Cleaner Spray, Long Lasting tire Shiner for Vehicle",₹190
"Multi surface Spray Polish Instantly Cleans, Polishes and Shines Motorbikes, Scooters, Cars",₹190
Magnetic Wrist Band for Holding Small Metal Accessories & Tools,₹345
Plastic Fridge Container - 2000 ml (Pack of 3),₹402
Dashboard Polish And Leather Conditioner + Protectant Car Dashboard Polish,₹190
"Grout Scrubber Deep Clean Tile Brush (Pack of 2, 4, 6)",₹177
Small Roller Paint Wall Patching Brush,₹500
Multifunctional Foldable Drain Basket Hanging Fruit and Vegetable Storage Basket,₹324
Hempseed Hair Oil For Hair Growth (Pack of 2),₹214
Growth Cream Moisturizing Scalp Massage Hair Care Essence Conditioner 30gram,₹211
Dry Fruit Plastic Grocery Container (Pack of 4),₹424
Indoor Table Tennis Trainer,₹602
Neem Oil Herbal Antifeedent & Repellent,₹242
Magic Air Soccer Ball for Toddlers with Flashing Colored LED Lights,₹436
Rambaan Pain Relief Oil (Pack of 2),₹249
Stop Permanent Hair Removal Oil 30ml,₹246
HERBAL STRATEGI Ant Repellent Spray Non-Toxic 100% Herbal Stain Free (100 ml),₹219
Silicone Non Stick Pancake Maker Molds,₹314
Perfume For Women Pink Love(Pack Of 2),₹186
Stainless Steel Steamer basket for Veggie/Seafood with Safety Tool,₹313
Adivasi Nabhi Therapy Oil Pack,₹166
"Flowering Plant Bio Stimulant, For Flowers and Rapid Growth (250 ml)",₹242
Shoe Cleaning Foam Without Wash With Attached Silicon Brush (150ml),₹297
Ortho Oil Roll On (Pack of 2),₹582
"37 Keys Piano Keyboard Toy with Microphone, USB Power Cable & Sound Recording Function Analog Portable Keyboard",₹720
"Lucky Hair Nourish, Strengthen, & Revitalize Your Hair with Our Blend of Essential Oil (Pack of 2)",₹265
